Product_ID,Local_Capacity_Gap_Pct,Local_Value_Added_Pct,Import_Substitution_Score,Avg_Freight_Cost_Pct,Effective_Customs_Protection_Pct,Est_Factory_CapEx_M_USD,Direct_Jobs_Per_10M_USD,Export_RCA_Index,Export_Rebate_Incentive_Pct,Target_2030_Import_Cut_Pct,Golden_License_Eligible,Annual_Import_Avg_M_USD,Target_Annual_FX_Savings_M_USD,Required_Factories_Count,Estimated_Total_New_Jobs
PRD-01,42.5,78.0,91,6.8,15.0,4.5,115,0.45,8.0,65.0,Yes,119.16,77.45,14,891
PRD-02,38.0,52.0,84,5.5,20.0,6.0,105,0.62,8.0,50.0,No,37.76,18.88,3,198
PRD-03,6.5,88.0,95,7.2,10.0,14.0,95,2.4,10.0,80.0,No,7.0,5.6,1,53
PRD-04,4.2,92.0,96,8.5,15.0,3.2,160,3.85,10.0,85.0,No,4.0,3.4,1,54
PRD-05,11.5,84.0,92,6.4,25.0,3.8,140,1.95,8.0,75.0,No,9.0,6.75,2,94
PRD-06,5.8,90.0,94,9.0,20.0,4.0,130,2.6,10.0,80.0,No,5.0,4.0,1,52
PRD-07,58.0,65.0,82,4.2,30.0,5.5,90,0.55,8.0,55.0,No,47.14,25.93,4,233
PRD-08,62.5,70.0,85,4.5,40.0,4.8,85,0.48,8.0,60.0,No,44.03,26.42,5,225
PRD-09,46.0,74.0,88,5.8,30.0,3.5,100,0.72,8.0,70.0,No,17.43,12.2,3,122
PRD-10,3.0,95.0,97,3.8,5.0,2.8,180,5.2,12.0,90.0,Yes,2.4,2.16,1,39
PRD-11,68.0,72.0,86,6.2,12.0,8.5,75,0.38,9.0,60.0,Yes,51.4,30.84,3,231
PRD-12,8.5,82.0,78,5.4,5.0,240.0,35,3.1,10.0,50.0,Yes,8.0,4.0,1,14
PRD-13,54.0,86.0,90,9.5,30.0,5.2,145,0.65,9.0,75.0,No,25.85,19.39,3,281
PRD-14,18.0,91.0,93,11.2,25.0,22.0,110,2.75,10.0,80.0,No,23.47,18.78,1,207
PRD-15,1.2,99.0,98,18.5,2.0,2.2,125,6.4,6.0,95.0,No,0.4,0.38,1,5
PRD-16,14.0,85.0,76,1.5,10.0,12.0,65,2.8,5.0,40.0,No,45.72,18.29,2,119
PRD-17,36.5,76.0,89,10.8,40.0,4.2,195,1.35,10.0,70.0,No,53.94,37.76,8,736
PRD-18,55.0,80.0,87,7.5,35.0,3.0,210,0.58,10.0,65.0,No,19.69,12.8,4,269
PRD-19,6.0,89.0,95,6.5,30.0,6.5,220,4.1,12.0,85.0,No,4.3,3.66,1,81
PRD-20,4.5,87.0,94,8.2,30.0,18.5,175,3.9,12.0,85.0,No,3.43,2.92,1,51
PRD-21,5.2,85.0,96,5.0,40.0,5.0,260,4.5,12.0,80.0,No,3.12,2.5,1,65
PRD-22,3.5,96.0,97,5.8,2.0,8.0,200,5.8,10.0,90.0,Yes,3.0,2.7,1,54
PRD-23,74.0,62.0,79,8.8,20.0,4.0,110,0.28,8.0,50.0,No,6.89,3.44,1,38
PRD-24,78.5,55.0,64,7.0,30.0,16.0,80,0.32,7.0,35.0,No,5.54,1.94,1,16
PRD-25,82.0,42.0,72,2.4,10.0,35.0,85,0.18,12.0,60.0,Yes,877.41,526.45,13,4475
PRD-26,64.0,68.0,85,4.8,15.0,24.0,95,0.88,12.0,65.0,Yes,430.68,279.94,10,2659
PRD-27,32.0,60.0,88,5.2,20.0,28.0,105,1.85,12.0,75.0,Yes,46.29,34.72,1,365
PRD-28,24.0,72.0,90,8.4,25.0,32.0,115,2.1,12.0,80.0,Yes,36.0,28.8,1,331
PRD-29,28.5,68.0,89,7.8,25.0,30.0,110,1.9,12.0,75.0,Yes,33.0,24.75,1,272
PRD-30,26.0,70.0,90,8.0,25.0,26.0,115,2.05,12.0,80.0,Yes,28.0,22.4,1,258
PRD-31,66.0,58.0,75,2.8,5.0,85.0,55,0.68,10.0,50.0,Yes,2219.04,1109.52,11,6102
PRD-32,88.5,45.0,62,3.2,2.0,110.0,40,0.15,12.0,45.0,Yes,437.69,196.96,2,788
PRD-33,34.0,78.0,91,6.0,10.0,7.5,150,1.75,10.0,75.0,Yes,38.0,28.5,4,428
PRD-34,86.0,48.0,58,6.5,40.0,180.0,65,0.12,12.0,40.0,Yes,2507.03,1002.81,5,6518
PRD-35,75.0,64.0,83,6.2,15.0,25.0,120,0.52,12.0,55.0,Yes,933.14,513.23,17,6159
PRD-36,91.0,50.0,60,7.4,5.0,95.0,60,0.08,10.0,35.0,Yes,244.32,85.51,1,513
PRD-37,89.0,52.0,61,6.8,10.0,75.0,65,0.14,10.0,40.0,Yes,145.49,58.2,1,378
PRD-38,38.0,72.0,86,5.9,20.0,65.0,95,1.65,12.0,70.0,Yes,134.01,93.81,2,891
PRD-39,72.0,66.0,82,7.2,20.0,18.0,130,0.42,10.0,65.0,No,77.07,50.1,3,651
PRD-40,79.0,60.0,80,7.6,25.0,15.0,125,0.3,10.0,60.0,No,40.85,24.51,2,306
PRD-41,70.0,75.0,88,8.5,20.0,4.5,155,0.48,8.0,70.0,No,6.79,4.75,1,74
PRD-42,85.0,55.0,68,5.2,5.0,140.0,70,0.15,10.0,50.0,Yes,138.55,69.28,1,485
PRD-43,80.0,68.0,81,6.4,5.0,22.0,95,0.35,10.0,60.0,Yes,67.28,40.37,2,384
PRD-44,94.0,35.0,45,4.8,2.0,220.0,45,0.05,8.0,25.0,Yes,33.35,8.34,1,38
PRD-45,62.0,78.0,79,9.2,10.0,130.0,50,0.75,10.0,60.0,Yes,15.18,9.11,1,46
PRD-46,76.0,62.0,77,4.0,10.0,19.0,85,0.4,12.0,55.0,Yes,7.49,4.12,1,35
PRD-47,4.8,91.0,96,7.8,15.0,6.5,170,4.25,10.0,85.0,No,6.0,5.1,1,87
PRD-48,25.0,88.0,90,10.5,15.0,45.0,85,2.3,10.0,75.0,Yes,33.0,24.75,1,210
PRD-49,1.5,98.0,97,16.0,5.0,5.5,140,5.6,8.0,90.0,No,1.0,0.9,1,13
PRD-50,3.2,95.0,95,6.2,5.0,4.8,165,3.95,10.0,85.0,No,1.6,1.36,1,22
PRD-51,88.0,54.0,63,6.5,5.0,60.0,65,0.12,8.0,40.0,No,9.06,3.62,1,24
PRD-52,87.5,46.0,56,6.8,20.0,120.0,60,0.1,10.0,35.0,No,68.71,24.05,1,144
PRD-53,0.8,97.0,99,14.2,5.0,3.5,230,7.8,10.0,95.0,No,2.0,1.9,1,44
PRD-54,3.5,90.0,94,11.5,5.0,310.0,30,6.9,8.0,85.0,Yes,15.0,12.75,1,38
PRD-55,29.0,82.0,86,7.4,5.0,280.0,35,2.45,10.0,65.0,Yes,190.0,123.5,1,432
