Country_ID,Partner_Country,Region,Trade_Agreement,Tariff_Rate_Pct
CNT-01,China,East Asia,Standard WTO,12.0
CNT-02,South Korea,East Asia,Standard WTO,10.0
CNT-03,India,South Asia,Standard WTO,10.0
CNT-04,Germany,Europe,EU-Egypt Partnership,0.0
CNT-05,Italy,Europe,EU-Egypt Partnership,0.0
CNT-06,Netherlands,Europe,EU-Egypt Partnership,0.0
CNT-07,United Kingdom,Europe,UK-Egypt Association,0.0
CNT-08,Russia,Eurasia / Europe,Standard WTO,8.0
CNT-09,France,Europe,EU-Egypt Partnership,0.0
CNT-10,Turkey,Europe / Middle East,Egypt-Turkey FTA,0.0
CNT-11,United States,North America,QIZ / Trade Framework,5.0
CNT-12,Saudi Arabia,Middle East / GCC,GAFTA - Arab League,0.0
CNT-13,United Arab Emirates,Middle East / GCC,GAFTA - Arab League,0.0
CNT-14,Morocco,North Africa,GAFTA / Agadir Agreement,0.0
CNT-15,Kenya,East Africa,COMESA,0.0
CNT-16,Sudan,East Africa,COMESA,0.0
CNT-17,Nigeria,West Africa,AfCFTA / WTO,8.0
CNT-18,Brazil,South America,Mercosur-Egypt FTA,0.0
