Product_ID,HS_Code,Product_Name,Product_Category,Sector,Unit,Supply_Chain_Stage,Value_Chain_Group,Industry_Complexity,Estimated_CapEx_Tier,Product_Essentiality,Local_Raw_Material,Localization_Priority,Commodity_Trade_Class
PRD-01,040690,Assorted Cheese Varieties,Dairy products,Food Industries,Ton,Finished Consumer Good,Sugar/Cocoa & Confectionery Chain,Light Industry,Low CapEx - Startup Friendly,Non-Essential / Consumer Luxury,Yes,High Priority,Import-Heavy
PRD-02,180690,Assorted Chocolates & Cocoa Preps,Processed food,Food Industries,Ton,Finished Consumer Good,Sugar/Cocoa & Confectionery Chain,Light Industry,Low CapEx - Startup Friendly,Non-Essential / Consumer Luxury,No,High Priority,Import-Heavy
PRD-03,040120,Fresh & Processed Dairy Products,Dairy products,Food Industries,Ton,Finished Consumer Good,Sugar/Cocoa & Confectionery Chain,Light Industry,Medium CapEx - SME,Strategic / Essential,Yes,Low Priority,Export-Oriented
PRD-04,200599,Canned Vegetables & Legumes,Canned food,Food Industries,Ton,Finished Consumer Good,Sugar/Cocoa & Confectionery Chain,Light Industry,Low CapEx - Startup Friendly,Strategic / Essential,Yes,Low Priority,Export-Oriented
PRD-05,190531,Sweet Biscuits & Bakery Products,Bakery products,Food Industries,Ton,Finished Consumer Good,Sugar/Cocoa & Confectionery Chain,Light Industry,Low CapEx - Startup Friendly,Non-Essential / Consumer Luxury,Yes,Medium Priority,Balanced
PRD-06,220210,Fruit Juices & Soft Beverages,Beverages,Food Industries,Ton,Finished Consumer Good,Sugar/Cocoa & Confectionery Chain,Light Industry,Low CapEx - Startup Friendly,Non-Essential / Consumer Luxury,Yes,Low Priority,Export-Oriented
PRD-07,330499,Cosmetics & Skin Care Preparations,Cosmetics & Care,"Chemicals, Cosmetics & Plastics",Ton,Finished Consumer Good,Essential Oils & Cosmetics Chain,Light Industry,Low CapEx - Startup Friendly,Non-Essential / Consumer Luxury,Yes,High Priority,Import-Heavy
PRD-08,330300,"Perfumes, Deodorants & Eau de Toilette",Cosmetics & Care,"Chemicals, Cosmetics & Plastics",Ton,Finished Consumer Good,Essential Oils & Cosmetics Chain,Light Industry,Low CapEx - Startup Friendly,Non-Essential / Consumer Luxury,Yes,High Priority,Import-Heavy
PRD-09,330510,Hair Care Preparations & Shampoos,Cosmetics & Care,"Chemicals, Cosmetics & Plastics",Ton,Finished Consumer Good,Essential Oils & Cosmetics Chain,Light Industry,Low CapEx - Startup Friendly,Non-Essential / Consumer Luxury,Yes,High Priority,Import-Heavy
PRD-10,330129,Raw Essential Oils & Medicinal Plants,Raw Extracts,"Chemicals, Cosmetics & Plastics",Ton,Raw Material,Essential Oils & Cosmetics Chain,Light Industry,Low CapEx - Startup Friendly,Strategic / Essential,Yes,Low Priority,Export-Oriented
PRD-11,760711,Aluminum Foil for Packaging,Metal Packaging,"Metals, Packaging & Ceramics",Ton,Finished Consumer Good,Aluminum & Foil Chain,Light Industry,Low CapEx - Startup Friendly,Non-Essential / Consumer Luxury,Yes,High Priority,Import-Heavy
PRD-12,760110,Unwrought Aluminum Ingots & Alloys,Raw Metals,"Metals, Packaging & Ceramics",Ton,Raw Material,Aluminum & Foil Chain,Heavy Industry,High CapEx - Mega Project,Strategic / Essential,Yes,Low Priority,Export-Oriented
PRD-13,691200,Ceramic Tableware & Kitchenware,Ceramics & Glass,"Metals, Packaging & Ceramics",Ton,Finished Consumer Good,"Silica, Glass & Ceramics Chain",Light Industry,Low CapEx - Startup Friendly,Non-Essential / Consumer Luxury,Yes,High Priority,Import-Heavy
PRD-14,690721,Ceramic & Porcelain Tiles and Slabs,Ceramics & Glass,"Metals, Packaging & Ceramics",Ton,Finished Consumer Good,"Silica, Glass & Ceramics Chain",Medium Industry,Medium CapEx - SME,Non-Essential / Consumer Luxury,Yes,High Priority,Balanced
PRD-15,250510,Raw White Silica Sand & Quartz,Raw Minerals,"Metals, Packaging & Ceramics",Ton,Raw Material,"Silica, Glass & Ceramics Chain",Light Industry,Low CapEx - Startup Friendly,Strategic / Essential,Yes,Low Priority,Export-Oriented
PRD-16,711319,Jewelry & Precious Metal Articles,Precious Metals,"Metals, Packaging & Ceramics",Kg,Finished Consumer Good,"Engineering, Tech & Transport Chain",Light Industry,Medium CapEx - SME,Non-Essential / Consumer Luxury,Yes,Medium Priority,Anomaly / Needs Investigation
PRD-17,940360,Luxury Wooden & Household Furniture,Furniture,"Textiles, Apparel & Furniture",Unit,Finished Consumer Good,"Textiles, Apparel & Leather Chain",Light Industry,Low CapEx - Startup Friendly,Non-Essential / Consumer Luxury,Yes,High Priority,Import-Heavy
PRD-18,420221,"Handbags, Leather Bags & Footwear",Leather & Footwear,"Textiles, Apparel & Furniture",Unit,Finished Consumer Good,"Textiles, Apparel & Leather Chain",Light Industry,Low CapEx - Startup Friendly,Non-Essential / Consumer Luxury,Yes,High Priority,Import-Heavy
PRD-19,630231,Household Linens & Bed Furnishings,Home Textiles,"Textiles, Apparel & Furniture",Ton,Finished Consumer Good,"Textiles, Apparel & Leather Chain",Light Industry,Low CapEx - Startup Friendly,Non-Essential / Consumer Luxury,Yes,High Priority,Balanced
PRD-20,570242,Carpets & Textile Floor Coverings,Home Textiles,"Textiles, Apparel & Furniture",Ton,Finished Consumer Good,"Textiles, Apparel & Leather Chain",Medium Industry,Medium CapEx - SME,Non-Essential / Consumer Luxury,Yes,Medium Priority,Export-Oriented
PRD-21,620342,Ready-Made Garments & Apparel,Apparel,"Textiles, Apparel & Furniture",Ton,Finished Consumer Good,"Textiles, Apparel & Leather Chain",Light Industry,Low CapEx - Startup Friendly,Non-Essential / Consumer Luxury,Yes,High Priority,Balanced
PRD-22,520100,Raw Long-Staple Cotton & Primary Yarns,Raw Textiles,"Textiles, Apparel & Furniture",Ton,Raw Material,"Textiles, Apparel & Leather Chain",Light Industry,Low CapEx - Startup Friendly,Strategic / Essential,Yes,Low Priority,Export-Oriented
PRD-23,950691,"Gym, Fitness & Sports Equipment",Sports Gear,Sports & Leisure,Unit,Finished Consumer Good,"Engineering, Tech & Transport Chain",Light Industry,Low CapEx - Startup Friendly,Non-Essential / Consumer Luxury,Yes,High Priority,Import-Heavy
PRD-24,890392,Pleasure Boats & Sports Yachts,Marine Leisure,Sports & Leisure,Unit,Finished Consumer Good,"Engineering, Tech & Transport Chain",Medium Industry,Medium CapEx - SME,Non-Essential / Consumer Luxury,No,Low Priority,Import-Heavy
PRD-25,851713,Smartphones & Mobile Phones,Telecom Devices,Home Electronics & Tech,Unit,Finished Consumer Good,"Engineering, Tech & Transport Chain",Medium Industry,Medium CapEx - SME,Strategic / Essential,No,High Priority,Import-Heavy
PRD-26,853710,Electrical Distribution & Control Boards,Electrical Gear,Home Electronics & Tech,Unit,Intermediate Good,"Engineering, Tech & Transport Chain",Medium Industry,Medium CapEx - SME,Strategic / Essential,Yes,High Priority,Import-Heavy
PRD-27,852872,"TVs, Monitors & Receiver Devices",TVs and related electronics,Home Electronics & Tech,Unit,Finished Consumer Good,"Engineering, Tech & Transport Chain",Medium Industry,Medium CapEx - SME,Non-Essential / Consumer Luxury,No,High Priority,Balanced
PRD-28,841810,Household Refrigerators & Freezers,Refrigerators & freezers,Home Electronics & Tech,Unit,Finished Consumer Good,"Engineering, Tech & Transport Chain",Medium Industry,Medium CapEx - SME,Strategic / Essential,Yes,Medium Priority,Balanced
PRD-29,841510,Split & Window Air Conditioners,Air conditioners,Home Electronics & Tech,Unit,Finished Consumer Good,"Engineering, Tech & Transport Chain",Medium Industry,Medium CapEx - SME,Non-Essential / Consumer Luxury,Yes,Medium Priority,Balanced
PRD-30,845011,Automatic Household Washing Machines,Washing machines,Home Electronics & Tech,Unit,Finished Consumer Good,"Engineering, Tech & Transport Chain",Medium Industry,Medium CapEx - SME,Strategic / Essential,Yes,Medium Priority,Balanced
PRD-31,300490,Finished Human Medicinal Drugs,Pharmaceuticals,Medical Supplies & Pharma,Ton,Finished Consumer Good,"Polymers, Pharma & Medical Chain",Heavy Industry,High CapEx - Mega Project,Strategic / Essential,No,High Priority,Import-Heavy
PRD-32,294190,Active Pharmaceutical Raw Materials (API),Pharma Raw Materials,Medical Supplies & Pharma,Ton,Raw Material,"Polymers, Pharma & Medical Chain",Heavy Industry,High CapEx - Mega Project,Strategic / Essential,No,High Priority,Import-Heavy
PRD-33,901831,"Medical Syringes, Gloves & Consumables",Medical Disposables,Medical Supplies & Pharma,Ton,Finished Consumer Good,"Polymers, Pharma & Medical Chain",Light Industry,Low CapEx - Startup Friendly,Strategic / Essential,Yes,High Priority,Balanced
PRD-34,870323,Passenger Motor Vehicles,Passenger Cars,Automotive Parts & Transport,Unit,Finished Consumer Good,"Engineering, Tech & Transport Chain",Heavy Industry,High CapEx - Mega Project,Non-Essential / Consumer Luxury,No,Low Priority,Import-Heavy
PRD-35,870899,"Automotive Spare Parts, Filters & Brakes",Auto Parts & Consumables,Automotive Parts & Transport,Ton,Intermediate Good,"Engineering, Tech & Transport Chain",Medium Industry,Medium CapEx - SME,Strategic / Essential,Yes,High Priority,Import-Heavy
PRD-36,870190,Agricultural & Industrial Tractors,Heavy Vehicles,Automotive Parts & Transport,Unit,Finished Consumer Good,"Engineering, Tech & Transport Chain",Heavy Industry,High CapEx - Mega Project,Strategic / Essential,No,Medium Priority,Import-Heavy
PRD-37,870590,Special Purpose & Civil Service Vehicles,Heavy Vehicles,Automotive Parts & Transport,Unit,Finished Consumer Good,"Engineering, Tech & Transport Chain",Heavy Industry,High CapEx - Mega Project,Strategic / Essential,No,Low Priority,Import-Heavy
PRD-38,870210,Public Transport Buses & Coaches,Public Transport,Automotive Parts & Transport,Unit,Finished Consumer Good,"Engineering, Tech & Transport Chain",Heavy Industry,High CapEx - Mega Project,Strategic / Essential,Yes,Medium Priority,Balanced
PRD-39,870421,Light Commercial & Three-Wheeled Vehicles,Light Transport,Automotive Parts & Transport,Unit,Finished Consumer Good,"Engineering, Tech & Transport Chain",Medium Industry,Medium CapEx - SME,Non-Essential / Consumer Luxury,Yes,High Priority,Import-Heavy
PRD-40,871120,Motorcycles & Mopeds,Two-Wheelers,Automotive Parts & Transport,Unit,Finished Consumer Good,"Engineering, Tech & Transport Chain",Light Industry,Medium CapEx - SME,Non-Essential / Consumer Luxury,No,High Priority,Import-Heavy
PRD-41,871200,Bicycles & Related Accessories,Two-Wheelers,Automotive Parts & Transport,Unit,Finished Consumer Good,"Engineering, Tech & Transport Chain",Light Industry,Low CapEx - Startup Friendly,Non-Essential / Consumer Luxury,Yes,High Priority,Import-Heavy
PRD-42,860500,Railway & Tramway Passenger Coaches,Rolling Stock,Railway Equipment,Unit,Finished Consumer Good,"Engineering, Tech & Transport Chain",Heavy Industry,High CapEx - Mega Project,Strategic / Essential,No,Medium Priority,Import-Heavy
PRD-43,860799,Railway Rolling Stock Parts & Brakes,Railway Parts,Railway Equipment,Ton,Intermediate Good,"Engineering, Tech & Transport Chain",Medium Industry,Medium CapEx - SME,Strategic / Essential,No,High Priority,Import-Heavy
PRD-44,860210,Diesel-Electric Rail Locomotives,Rolling Stock,Railway Equipment,Unit,Finished Consumer Good,"Engineering, Tech & Transport Chain",Heavy Industry,High CapEx - Mega Project,Strategic / Essential,No,Low Priority,Import-Heavy
PRD-45,730210,Iron & Steel Railway Tracks and Rails,Railway Infrastructure,Railway Equipment,Ton,Intermediate Good,"Engineering, Tech & Transport Chain",Heavy Industry,High CapEx - Mega Project,Strategic / Essential,Yes,Medium Priority,Import-Heavy
PRD-46,853010,Electrical Signaling & Safety Equipment,Railway Infrastructure,Railway Equipment,Unit,Intermediate Good,"Engineering, Tech & Transport Chain",Medium Industry,Medium CapEx - SME,Strategic / Essential,Yes,High Priority,Import-Heavy
PRD-47,200410,Frozen & Processed Food Preparations,Processed food,Food Industries,Ton,Finished Consumer Good,Sugar/Cocoa & Confectionery Chain,Light Industry,Low CapEx - Startup Friendly,Strategic / Essential,Yes,Low Priority,Export-Oriented
PRD-48,700529,Float Glass Sheets & Panels,Ceramics & Glass,"Metals, Packaging & Ceramics",Ton,Finished Consumer Good,"Silica, Glass & Ceramics Chain",Medium Industry,Medium CapEx - SME,Strategic / Essential,Yes,High Priority,Balanced
PRD-49,251512,Raw Marble & Granite Blocks,Raw Minerals,"Metals, Packaging & Ceramics",Ton,Raw Material,"Silica, Glass & Ceramics Chain",Light Industry,Low CapEx - Startup Friendly,Strategic / Essential,Yes,Low Priority,Export-Oriented
PRD-50,410411,Raw & Primary Tanned Leather,Leather & Footwear,"Textiles, Apparel & Furniture",Ton,Raw Material,"Textiles, Apparel & Leather Chain",Light Industry,Low CapEx - Startup Friendly,Strategic / Essential,Yes,Low Priority,Export-Oriented
PRD-51,860699,Mine Cars & Rail-Guided Vehicles,Heavy Vehicles,Automotive Parts & Transport,Unit,Finished Consumer Good,"Engineering, Tech & Transport Chain",Heavy Industry,High CapEx - Mega Project,Strategic / Essential,No,Low Priority,Import-Heavy
PRD-52,870390,Other Specialized Motor Vehicles,Passenger Cars,Automotive Parts & Transport,Unit,Finished Consumer Good,"Engineering, Tech & Transport Chain",Heavy Industry,High CapEx - Mega Project,Non-Essential / Consumer Luxury,No,Low Priority,Import-Heavy
PRD-53,080510,Fresh Oranges & Citrus Fruits,Fresh Produce,Food Industries,Ton,Raw Material,Agri-Food & Fertilizers Chain,Light Industry,Low CapEx - Startup Friendly,Strategic / Essential,Yes,Low Priority,Export-Oriented
PRD-54,310210,Nitrogenous & Phosphate Fertilizers,Fertilizers & Agrochemicals,"Chemicals, Cosmetics & Plastics",Ton,Intermediate Good,Agri-Food & Fertilizers Chain,Heavy Industry,High CapEx - Mega Project,Strategic / Essential,Yes,Low Priority,Export-Oriented
PRD-55,390110,Primary Polyethylene & Plastic Polymers,Polymers & Plastics,"Chemicals, Cosmetics & Plastics",Ton,Intermediate Good,"Polymers, Pharma & Medical Chain",Heavy Industry,High CapEx - Mega Project,Strategic / Essential,Yes,Medium Priority,Balanced
